login,status,kind,name,source
admin@lanternfieldgoods.co.uk,ACTIVE,group,Everyone,built-in
admin@lanternfieldgoods.co.uk,ACTIVE,app,Okta Workflows,unknown
ava.nguyen@lanternfieldgoods.co.uk,ACTIVE,group,APP-Rostr-Users,rule
ava.nguyen@lanternfieldgoods.co.uk,ACTIVE,group,DEPT-Sales,rule
ava.nguyen@lanternfieldgoods.co.uk,ACTIVE,group,Everyone,built-in
ava.nguyen@lanternfieldgoods.co.uk,ACTIVE,app,Rostr,unknown
breakglass@lanternfieldgoods.co.uk,ACTIVE,group,Everyone,built-in
breakglass@lanternfieldgoods.co.uk,ACTIVE,app,Okta Workflows,unknown
helen.cho@lanternfieldgoods.co.uk,ACTIVE,group,APP-Rostr-Users,rule
helen.cho@lanternfieldgoods.co.uk,ACTIVE,group,DEPT-Finance,rule
helen.cho@lanternfieldgoods.co.uk,ACTIVE,group,Everyone,built-in
helen.cho@lanternfieldgoods.co.uk,ACTIVE,app,Rostr,unknown
jonah.hale@lanternfieldgoods.co.uk,ACTIVE,group,APP-Rostr-Users,rule
jonah.hale@lanternfieldgoods.co.uk,ACTIVE,group,DEPT-Sales,rule
jonah.hale@lanternfieldgoods.co.uk,ACTIVE,group,Everyone,built-in
jonah.hale@lanternfieldgoods.co.uk,ACTIVE,app,Rostr,unknown
lena.ortiz@lanternfieldgoods.co.uk,ACTIVE,group,APP-Rostr-Users,rule
lena.ortiz@lanternfieldgoods.co.uk,ACTIVE,group,DEPT-Operations,rule
lena.ortiz@lanternfieldgoods.co.uk,ACTIVE,group,Everyone,built-in
lena.ortiz@lanternfieldgoods.co.uk,ACTIVE,app,Rostr,unknown
marcus.bell@lanternfieldgoods.co.uk,ACTIVE,group,APP-Rostr-Users,rule
marcus.bell@lanternfieldgoods.co.uk,ACTIVE,group,DEPT-Operations,rule
marcus.bell@lanternfieldgoods.co.uk,ACTIVE,group,Everyone,built-in
marcus.bell@lanternfieldgoods.co.uk,ACTIVE,app,Rostr,unknown
priya.shah@lanternfieldgoods.co.uk,ACTIVE,group,APP-Rostr-Users,rule
priya.shah@lanternfieldgoods.co.uk,ACTIVE,group,DEPT-Sales,rule
priya.shah@lanternfieldgoods.co.uk,ACTIVE,group,Everyone,built-in
priya.shah@lanternfieldgoods.co.uk,ACTIVE,app,Rostr,unknown
samir.adeyemi@lanternfieldgoods.co.uk,ACTIVE,group,APP-Rostr-Users,rule
samir.adeyemi@lanternfieldgoods.co.uk,ACTIVE,group,DEPT-Finance,rule
samir.adeyemi@lanternfieldgoods.co.uk,ACTIVE,group,Everyone,built-in
samir.adeyemi@lanternfieldgoods.co.uk,ACTIVE,app,Rostr,unknown
test.joiner@lanternfieldgoods.co.uk,DEPROVISIONED,group,APP-Rostr-Users,rule
test.joiner@lanternfieldgoods.co.uk,DEPROVISIONED,group,DEPT-Sales,rule
test.joiner@lanternfieldgoods.co.uk,DEPROVISIONED,group,Everyone,built-in
thomas.okeke@lanternfieldgoods.co.uk,ACTIVE,group,APP-Rostr-Users,rule
thomas.okeke@lanternfieldgoods.co.uk,ACTIVE,group,DEPT-Operations,rule
thomas.okeke@lanternfieldgoods.co.uk,ACTIVE,group,Everyone,built-in
thomas.okeke@lanternfieldgoods.co.uk,ACTIVE,app,Rostr,unknown
timothy.itayi@lanternfieldgoods.co.uk,DEPROVISIONED,group,Everyone,built-in
